id,PitNextLap
439140,0.02227359279120001
439141,0.021938925600378148
439142,0.01953759040107178
439143,0.13453617146596739
439144,0.5582617832395395
439145,0.14670119367155093
439146,0.015105406401815145
439147,0.011967598664115129
439148,0.10676637931195264
439149,0.003643112755089581
439150,0.35991395371168994
439151,0.01538122098739961
439152,0.08091110881530886
439153,0.0028369386442567497
439154,0.01853842751097224
439155,0.9042795077813339
439156,0.003284431275133018
439157,0.08518997194463103
439158,0.08960193056838152
439159,0.6134163075175132
439160,0.593279023790071
439161,0.0277249051125878
439162,0.00933323374302367
439163,0.8046567679422758
439164,0.7966242720176095
439165,0.01875341518826513
439166,0.013713282821766315
439167,0.020999877158181735
439168,0.0036146755123960647
439169,0.019437589677523476
439170,0.008365653237352264
439171,0.7589839256340793
439172,0.018657156360243423
439173,0.07626143224525031
439174,0.8284159257662561
439175,0.8673417892589308
439176,0.06756430361786196
439177,0.09600636039298395
439178,0.0064797825205541015
439179,0.004334934035137223
439180,0.594008744395181
439181,0.5171117664650942
439182,0.07457865080994683
439183,0.06082752788842217
439184,0.07872836176790719
439185,0.02165777027786511
439186,0.014891123088460257
439187,0.005735446321795622
439188,0.01676982551292089
439189,0.024658930207468566
439190,0.022021005798042764
439191,0.41964500622759604
439192,0.016398392083827998
439193,0.046981917431066215
439194,0.017596393074061738
439195,0.06108176566713877
439196,0.05783437270942025
439197,0.0765395104324298
439198,0.02295121342242795
439199,0.4431725359037803
439200,0.003957193391988537
439201,0.6304105071304006
439202,0.008838479492242595
439203,0.012522567563656597
439204,0.0013446280608568175
439205,0.0027003644630900626
439206,0.8591982100946916
439207,0.0037353982769962467
439208,0.026212672905110073
439209,0.053537643047209725
439210,0.04490017413237539
439211,0.0743196692655307
439212,0.015404430784892467
439213,0.062054128054337784
439214,0.06717649160266392
439215,0.009916843238730422
439216,0.011262001957838974
439217,0.1337570327344023
439218,0.004045194393309025
439219,0.912139226418943
439220,0.12023092028690424
439221,0.15404851680435303
439222,0.0028485599785447076
439223,0.08949030542559319
439224,0.4428076390997187
439225,0.09005003663161969
439226,0.5142719121705315
439227,0.053164910272153525
439228,0.05566080894644351
439229,0.1416922130547838
439230,0.7141611634752153
439231,0.060782868869837234
439232,0.033917577323185545
439233,0.06125932122817295
439234,0.09862742204809709
439235,0.009258364306347293
439236,0.16961000042795196
439237,0.8172056026863738
439238,0.6649309741078256
439239,0.6756125098973159
439240,0.06535433114773077
439241,0.0767461827626189
439242,0.04397781739245535
439243,0.006680099997443778
439244,0.01225910055846506
439245,0.7586165023838862
439246,0.001249013870379712
439247,0.8773359830021871
439248,0.029697821505803457
439249,0.013656973179177252
439250,0.006580956282473479
439251,0.2725625199761917
439252,0.11340798362139771
439253,0.04367025032033409
439254,0.075426396972297
439255,0.02472814333135337
439256,0.05541628211047102
439257,0.047355009367333015
439258,0.0068661972067700985
439259,0.0329170387530141
439260,0.001924448228757349
439261,0.1013012357437159
439262,0.05723047538507118
439263,0.013870923300050011
439264,0.9270143139747379
439265,0.02076454391122993
439266,0.003663095678241038
439267,0.05200613485729589
439268,0.007905620455949901
439269,0.0008712791889056103
439270,0.08921138954400033
439271,0.000685113519389485
439272,0.036611775881190564
439273,0.14626556537027036
439274,0.33373394903458387
439275,0.07970093705697588
439276,0.007823062307701661
439277,0.38480474358191974
439278,0.28941111728692875
439279,0.019503189824218756
439280,0.025946098982023217
439281,0.001547264027786926
439282,0.631300503425648
439283,0.0500780205508887
439284,0.004467778287338362
439285,0.04902654336760105
439286,0.010386975613028246
439287,0.0024902822455180993
439288,0.499061411177582
439289,0.005432347115859249
439290,0.022849479169910668
439291,0.025753513874810292
439292,0.07932540535774134
439293,0.007384453975315849
439294,0.5466541287614965
439295,0.9318233243649268
439296,0.32347061721031756
439297,0.06411509343578496
439298,0.012934501866055277
439299,0.03794370700558298
439300,0.5583080409526011
439301,0.0011464388175353917
439302,0.015702759844443172
439303,0.01988830910859387
439304,0.024617989906353707
439305,0.6158899492895554
439306,0.8733641736325415
439307,0.5205959523835838
439308,0.013363032541003862
439309,0.01631112140432833
439310,0.0005349239413213749
439311,0.03397377331574118
439312,0.023101453209857185
439313,0.11333303792647703
439314,0.021450650493549925
439315,0.07799297699299113
439316,0.05480989129215544
439317,0.06333695252003696
439318,0.03338323027609368
439319,0.009922217516725078
439320,0.08134000647480578
439321,0.6626096086519353
439322,0.5205667087409277
439323,0.10080194994353939
439324,0.06854841503234509
439325,0.02353234379894618
439326,0.015443596607790875
439327,0.11395501171614765
439328,0.004517500221836456
439329,0.008451182422952308
439330,0.04328893375337006
439331,0.0053067724411040304
439332,0.6252275920425502
439333,0.15240161899701982
439334,0.02197726528414685
439335,0.011560213765723679
439336,0.8705421591795709
439337,0.005337833279037356
439338,0.026735423840166236
439339,0.4046229735176291
439340,0.6173591080678573
439341,0.11361238531450236
439342,0.7154878876012094
439343,0.04892043214296473
439344,0.02349884975119675
439345,0.8256812732290241
439346,0.6183569950348416
439347,0.49949966016663533
439348,0.4320173537865225
439349,0.007439431822950506
439350,0.018487475806091266
439351,0.5687050983682078
439352,0.5534036954982827
439353,0.3680318017096997
439354,0.0035969305391044225
439355,0.041105087174258585
439356,0.6682497004179745
439357,0.052569460191684576
439358,0.010450593422684796
439359,0.5755763149271376
439360,0.04163107983751535
439361,0.00790350080885231
439362,0.021690940603237428
439363,0.8599209408352227
439364,0.02888492385155849
439365,0.001832727908263006
439366,0.016612437859668847
439367,0.4093676470478166
439368,0.03226922391248951
439369,0.03233133344676227
439370,0.0036181824574250494
439371,0.7832053190604668
439372,0.8456785693178696
439373,0.23522738344132102
439374,0.5826956236556257
439375,0.02856393413648565
439376,0.7411874718885942
439377,0.3192586523559418
439378,0.02555433284962445
439379,0.014206619130004747
439380,0.6631271855097444
439381,0.003745941663178012
439382,0.10202929769107977
439383,0.12619651063480025
439384,0.05607671179069281
439385,0.7844337671470518
439386,0.03878326978333016
439387,0.03112979269003584
439388,0.8535484351263883
439389,0.008026116804031183
439390,0.4781997971612572
439391,0.32467189925753664
439392,0.02032121048364997
439393,0.7169273369005388
439394,0.17142548080111608
439395,0.022717963720405354
439396,0.02618872902409102
439397,0.3849449189605178
439398,0.2808104498615293
439399,0.019102141199247396
439400,0.009322901552932578
439401,0.5341171180344758
439402,0.00580963278441245
439403,0.31820278710656236
439404,0.0038596130840238578
439405,0.5330977682097283
439406,0.10784148512755874
439407,0.00621405647400906
439408,0.0068209188898224
439409,0.7542364565507096
439410,0.054061784588714384
439411,0.8079895390059544
439412,0.8847254237310234
439413,0.013253573246933855
439414,0.16128623924959004
439415,0.0855885164201669
439416,0.05968076094920382
439417,0.07493248883063917
439418,0.33700523940858734
439419,0.045917882187222904
439420,0.5486526599671624
439421,0.08399557873843395
439422,0.04571850271349362
439423,0.17574515540520483
439424,0.026975670956346436
439425,0.016140141261128196
439426,0.040167547148742544
439427,0.5555180440346758
439428,0.04022605288842401
439429,0.012992022492090919
439430,0.6571558261997367
439431,0.06213924730549716
439432,0.48675220691248783
439433,0.005415018063585295
439434,0.12784687551901988
439435,0.08761344503467908
439436,0.053172194593131585
439437,0.5589264503241057
439438,0.5225187960217897
439439,0.059499671796255336
439440,0.6491407884500193
439441,0.018754012645321488
439442,0.036407866833704644
439443,0.021067069117605173
439444,0.009217929270221439
439445,0.0022845418529608306
439446,0.01658471606148749
439447,0.03694413129521094
439448,0.07659809712828339
439449,0.00435068088699682
439450,0.02472092375221135
439451,0.013616328566022438
439452,0.021994968793136893
439453,0.02105772555462738
439454,0.7940244691561894
439455,0.0751195490243708
439456,0.0274807896532374
439457,0.0022708846871032635
439458,0.022382659773768215
439459,0.09114670812786124
439460,0.4736829165175304
439461,0.0066892207023901895
439462,0.17129002978621172
439463,0.04579793016344399
439464,0.48706509347897
439465,0.875922532055791
439466,0.41290553041088135
439467,0.05002237280361258
439468,0.05689995184597213
439469,0.010466471281155727
439470,0.11524265683600986
439471,0.14466606026268156
439472,0.03504517942911525
439473,0.017019637960536908
439474,0.09119276492719262
439475,0.04197172250326642
439476,0.07372173289136505
439477,0.6855319358633158
439478,0.06406291641420042
439479,0.13383318156756885
439480,0.07916142544740686
439481,0.6408080684168292
439482,0.0645753069912812
439483,0.36713569803988744
439484,0.12530012441633123
439485,0.0038910771017218937
439486,0.44536569087747807
439487,0.017841631538810094
439488,0.02518755098113925
439489,0.16611208826892143
439490,0.5200182875731079
439491,0.001549648012295745
439492,0.5152303258723913
439493,0.08386434539401547
439494,0.30051503273760605
439495,0.11921430475126989
439496,0.02443429211487988
439497,0.1649737538203824
439498,0.1199972430698629
439499,0.7081341157420341
439500,0.036778138258325065
439501,0.032690573969216805
439502,0.0965243387902397
439503,0.6685782391286065
439504,0.028424015502907102
439505,0.06386049515354039
439506,0.4394461315788162
439507,0.010907083196784394
439508,0.0031031171108621513
439509,0.11554069987683502
439510,0.6420163363461788
439511,0.01122738292078436
439512,0.012395951010092107
439513,0.011808655777270338
439514,0.9222528323957113
439515,0.35983254368534584
439516,0.7550485538668779
439517,0.031026650161707924
439518,0.002989619260278511
439519,0.015188141236046263
439520,0.09096038363922473
439521,0.3003224671055279
439522,0.15047899808880694
439523,0.04691150830241959
439524,0.057640804688069605
439525,0.10772677172653436
439526,0.6537061742613736
439527,0.5080947464837423
439528,0.051840675406679894
439529,0.021241273596601495
439530,0.8638083044134302
439531,0.00799346387085231
439532,0.002978796550445561
439533,0.009012514843402961
439534,0.06936041399257212
439535,0.007667615205058368
439536,0.3544881946076912
439537,0.724126767405422
439538,0.25722845028001184
439539,0.8633711036002647
439540,0.23644067300570598
439541,0.016155759342515917
439542,0.004670157380880854
439543,0.009245246147830965
439544,0.4303522259940818
439545,0.08387510869230504
439546,0.6511611452299736
439547,0.031849203678612395
439548,0.020014190941246294
439549,0.19593181823633293
439550,0.028370712851963777
439551,0.07271340154287373
439552,0.5424033107632649
439553,0.7080473517457037
439554,0.42565197047713144
439555,0.164629040150143
439556,0.8768729642240234
439557,0.5668116427964326
439558,0.4688209410003171
439559,0.6589231961264636
439560,0.06398694316442208
439561,0.791104257361028
439562,0.04359029978107505
439563,0.139534979403614
439564,0.01036770136590986
439565,0.6785945090683007
439566,0.2639433812435032
439567,0.013319980893994594
439568,0.05803756149933606
439569,0.06305322450148566
439570,0.016533989704108288
439571,0.9035091759710437
439572,0.1013811052162082
439573,0.029242123133299387
439574,0.6164562454378324
439575,0.0361866262122138
439576,0.37819686652023743
439577,0.036252056353153025
439578,0.30037130749679125
439579,0.0911527158641251
439580,0.05080887312329378
439581,0.009599384306149913
439582,0.11129282828940171
439583,0.03788657318429389
439584,0.10203999189095864
439585,0.01045489805118327
439586,0.021538409046503452
439587,0.8145114135243021
439588,0.02103952300653698
439589,0.6828001891672535
439590,0.03865904827290777
439591,0.017613453667652712
439592,0.08259728714200933
439593,0.010662959600513236
439594,0.8360419718776014
439595,0.19087767341223738
439596,0.01996658157966421
439597,0.01997696733159242
439598,0.6068400747013599
439599,0.8222451810457992
439600,0.24668704592120586
439601,0.01699816106498954
439602,0.2846034569471416
439603,0.07431948333708475
439604,0.018861697980027053
439605,0.07515166955428047
439606,0.013701410733624672
439607,0.9550234735022182
439608,0.07355969638887912
439609,0.07794058748930863
439610,0.013095586057294929
439611,0.0005793926961815092
439612,0.009994124197565808
439613,0.0228902639362809
439614,0.01811824662570899
439615,0.0017265403297840633
439616,0.006205030284055634
439617,0.032269295250534354
439618,0.01869205476595587
439619,0.8803865298155408
439620,0.13020642959945664
439621,0.06018223744481162
439622,0.05435290243197067
439623,0.1484021447690492
439624,0.567724075854115
439625,0.5929977421094861
439626,0.006771415891273073
439627,0.7429847859827143
439628,0.062242130459078095
439629,0.7811834431260046
439630,0.03100635967128523
439631,0.006889772915002555
439632,0.09281945737012434
439633,0.051102959643464126
439634,0.26321674666417955
439635,0.02841861615242373
439636,0.4782797544093697
439637,0.049703312618927915
439638,0.011686217325040417
439639,0.43298291673603667
439640,0.006377131849491112
439641,0.7619865349302956
439642,0.09618433151676682
439643,0.011586890877211155
439644,0.05231203225423226
439645,0.1930903022002455
439646,0.0033935940826713175
439647,0.8931285341738732
439648,0.7334990955983445
439649,0.042675215695644045
439650,0.5023884123786816
439651,0.003141745754408415
439652,0.6454358204149938
439653,0.0030360111111093603
439654,0.21955897936764712
439655,0.014091629398491042
439656,0.07379457705011967
439657,0.23472091242822646
439658,0.27447806358870735
439659,0.005663804693790794
439660,0.0743373789445494
439661,0.773763536852235
439662,0.1409680358771358
439663,0.004895601172172765
439664,0.0889359594358084
439665,0.0775153265535321
439666,0.31412290946365246
439667,0.03758803530127631
439668,0.003842216576954005
439669,0.005931883097756579
439670,0.023890843240640912
439671,0.00528091028462988
439672,0.03600150013678389
439673,0.008737670829971506
439674,0.015467709106980252
439675,0.030653307580930954
439676,0.33954116466478385
439677,0.045773769766975725
439678,0.00704277519779866
439679,0.6879357618824185
439680,0.002564082426650825
439681,0.012203658032439611
439682,0.014121772724820143
439683,0.011793728096620732
439684,0.006705029357668741
439685,0.004738718727168416
439686,0.8730661248439313
439687,0.0735969927319311
439688,0.028753688858507247
439689,0.6198113570587251
439690,0.6483943247153005
439691,0.04912407101099357
439692,0.0701590430952416
439693,0.0003242851535658662
439694,0.05397808741286657
439695,0.02766792520765229
439696,0.48536330493489216
439697,0.7016350601860951
439698,0.3463714158285548
439699,0.09455822987028398
439700,0.3341343764463874
439701,0.5895465534649372
439702,0.6178095876841018
439703,0.013522032355408246
439704,0.009833256051780865
439705,0.04806141373744578
439706,0.028897747733823323
439707,0.0052916140493344125
439708,0.0036189284789435302
439709,0.5181770044966166
439710,0.46619277685326654
439711,0.03058792966997684
439712,0.026585073969226967
439713,0.2032919698943682
439714,0.4143873620971728
439715,0.019953210694107115
439716,0.48608057219439693
439717,0.040120466725775905
439718,0.0974589390454193
439719,0.009131252337550215
439720,0.34612617952849967
439721,0.04753650384682152
439722,0.05031322162872328
439723,0.14916460666097947
439724,0.011080793556903227
439725,0.01578556290237753
439726,0.007334444883223439
439727,0.04324467487250991
439728,0.08194295536642743
439729,0.5383109134124741
439730,0.5614735799545955
439731,0.04225879195646545
439732,0.028714308010901593
439733,0.0028562628105606044
439734,0.006064202982773197
439735,0.9292305475644598
439736,0.1890700592818934
439737,0.707153264120214
439738,0.8757369415457152
439739,0.08610466965886855
439740,0.008166062293756288
439741,0.27199658207181854
439742,0.7153375657778898
439743,0.9078676283562566
439744,0.0011839622674124327
439745,0.6688948391118841
439746,0.01375268463465604
439747,0.25482432458740417
439748,0.13348369410626415
439749,0.008109081926605484
439750,0.047776522003569744
439751,0.02757928170169582
439752,0.022859400727113982
439753,0.040238978939071884
439754,0.10393934649575548
439755,0.0027992503554703286
439756,0.05794382511738453
439757,0.12967787776827155
439758,0.5376491711318451
439759,0.01970695126479387
439760,0.016535481402794327
439761,0.13995422674077435
439762,0.11350929447037808
439763,0.5501545600890785
439764,0.0653675007779548
439765,0.5497442808814347
439766,0.0163460661843676
439767,0.004420205894936253
439768,0.0543277917999565
439769,0.07971018972434951
439770,0.7886174366941758
439771,0.05611866395668498
439772,0.5705129965122266
439773,0.2088609135988754
439774,0.10061767582960662
439775,0.007843523520777218
439776,0.01623812282507265
439777,0.07029947610199838
439778,0.020713390378853485
439779,0.058828973973259466
439780,0.8557070100241649
439781,0.7284026714322878
439782,0.007768114291096647
439783,0.018557043676288285
439784,0.6222653118687277
439785,0.21865282019189491
439786,0.0017756943296445866
439787,0.04180158122227857
439788,0.4915943390112596
439789,0.2953591754346977
439790,0.0504687464697769
439791,0.04792387508997874
439792,0.015145726449565978
439793,0.012552204547511405
439794,0.47096922034454114
439795,0.5479171347615484
439796,0.2961745200259148
439797,0.06951779772015183
439798,0.004020632783660543
439799,0.6122141715368751
439800,0.5832687160694907
439801,0.10289487541702885
439802,0.0049758613086257585
439803,0.8301871639515929
439804,0.04815025760144686
439805,0.2447984409775931
439806,0.09472655881329377
439807,0.018734794526670446
439808,0.030466802039137434
439809,0.007313490993312246
439810,0.016597743328621052
439811,0.012929806134922594
439812,0.055250951438915646
439813,0.7189512258733082
439814,0.5542372701431474
439815,0.5445709369681899
439816,0.01796276215916777
439817,0.03806884882756572
439818,0.03042550642169433
439819,0.4076069394137721
439820,0.1188271143520961
439821,0.019029744496588757
439822,0.24840534033632325
439823,0.07146598305183442
439824,0.46068499051441714
439825,0.720073211253684
439826,0.006416717216096662
439827,0.00832437192205088
439828,0.6364005046497225
439829,0.04162855473982409
439830,0.03221298188602662
439831,0.0028760265466850955
439832,0.7232532074170793
439833,0.053822368639179254
439834,0.06015248923098994
439835,0.10790006680377874
439836,0.7727842600635749
439837,0.00883031929740528
439838,0.01054054459935582
439839,0.01994039435735594
439840,0.018398002311127426
439841,0.7520191996714601
439842,0.728421286861217
439843,0.7507139708000075
439844,0.022221769454412333
439845,0.0009320237353578252
439846,0.017756790586077893
439847,0.09718788608434638
439848,0.08865412426966622
439849,0.008142820788884304
439850,0.01635403808127337
439851,0.11525068312724138
439852,0.008535888181397971
439853,0.17556717392690685
439854,0.2956210775138522
439855,0.053438520183973874
439856,0.04271601401088286
439857,0.008584880198493062
439858,0.0023822197575701968
439859,0.029908430385961696
439860,0.02828644156070127
439861,0.44215109406202124
439862,0.1124227118840005
439863,0.39753736417414137
439864,0.63625643358373
439865,0.8133943722871265
439866,0.0272490790778434
439867,0.8318018527580354
439868,0.9116891729948631
439869,0.0008369575192842981
439870,0.011522692054657845
439871,0.016513176179072612
439872,0.12182455306518697
439873,0.07791093304957288
439874,0.7710763696249483
439875,0.0033232939134771413
439876,0.021341292590137034
439877,0.26167485363462295
439878,0.052830283146014075
439879,0.42085999089034637
439880,0.64615000818028
439881,0.0038984172100386774
439882,0.04816159854627956
439883,0.007313880390655119
439884,0.0025858658128801956
439885,0.013167148687571767
439886,0.02995154208944399
439887,0.004393626340843925
439888,0.009005402451409034
439889,0.4453086055708312
439890,0.025768846974258887
439891,0.007781880102018799
439892,0.9515632851160257
439893,0.5136626600943498
439894,0.04340395593325122
439895,0.1108890909134682
439896,0.22071051985074802
439897,0.640744648259351
439898,0.4951379415183485
439899,0.018592360980971577
439900,0.805230924193433
439901,0.020583502069800374
439902,0.3312949644926296
439903,0.03439368656165737
439904,0.7495686819503395
439905,0.0725718149837722
439906,0.08919144612110791
439907,0.02960379792301492
439908,0.029803912995999386
439909,0.03550464814021442
439910,0.07177096667579827
439911,0.2544808591281107
439912,0.0011490826887375983
439913,0.029902199744483923
439914,0.03631482692559694
439915,0.011582833216175092
439916,0.08230115546430705
439917,0.15406133663689922
439918,0.04907873441002252
439919,0.02518497490484463
439920,0.19567342947238184
439921,0.026798290781361297
439922,0.00812216777638026
439923,0.17772625272445725
439924,0.06053445785866741
439925,0.11477397039739601
439926,0.935546190987756
439927,0.320934825993779
439928,0.029627655234278415
439929,0.3438134397960002
439930,0.04214923782063167
439931,0.036659692626749105
439932,0.06571548355168799
439933,0.011076739869438539
439934,0.20770605656039803
439935,0.6953080767475501
439936,0.07155646125846868
439937,0.08772910624299957
439938,0.015151666259912128
439939,0.6840744580015407
439940,0.5474924088154006
439941,0.05344469203061258
439942,0.010554612633226025
439943,0.527253470115501
439944,0.03866275983655088
439945,0.01660750507190935
439946,0.0805262209112431
439947,0.025121356158009683
439948,0.5619744121071525
439949,0.189574389807449
439950,0.16334093227469737
439951,0.0645038899451692
439952,0.8177432004857949
439953,0.002896885294692089
439954,0.003882161809940114
439955,0.5455124009282295
439956,0.006590989802761169
439957,0.8129378373971805
439958,0.06740398340004412
439959,0.32054117632775886
439960,0.07647845650550188
439961,0.7661944445430554
439962,0.03248479832230399
439963,0.05471571049572424
439964,0.004013225820340445
439965,0.025448111241463886
439966,0.19620572311619158
439967,0.0640086229395186
439968,0.013882821000665471
439969,0.03796525312731822
439970,0.006902174391185091
439971,0.8519612202497321
439972,0.007620820661094896
439973,0.4854851577771737
439974,0.012985822509947594
439975,0.06732367460654538
439976,0.477167627748706
439977,0.03416739328815745
439978,0.061255363370022485
439979,0.04562967799062183
439980,0.056496315117266584
439981,0.7319720706369218
439982,0.015944681453372533
439983,0.010041984611684743
439984,0.061541811653719324
439985,0.0033126745652282507
439986,0.9501003944146955
439987,0.023059570315882672
439988,0.6462108758322015
439989,0.0095783221517093
439990,0.04577841852053876
439991,0.0816253111559846
439992,0.022367941090529826
439993,0.009964783755760903
439994,0.574699306073177
439995,0.05888203554800082
439996,0.5029698943616303
439997,0.7493243394880419
439998,0.011156809262952426
439999,0.07100188134590403
440000,0.5513137001844867
440001,0.0566542891621745
440002,0.7385659256413453
440003,0.9681937010532986
440004,0.44535811949917364
440005,0.04025580298597648
440006,0.6614109254086408
440007,0.018891040101191324
440008,0.011981076543563954
440009,0.8649484511518428
440010,0.004209799357973784
440011,0.009879949546730852
440012,0.08547782556072017
440013,0.22716260610910052
440014,0.7286198044107457
440015,0.03618246123316735
440016,0.012327632350787302
440017,0.1909765800568862
440018,0.0541376388812039
440019,0.003939921177209318
440020,0.06746108214157125
440021,0.04677510948005113
440022,0.08299103004260341
440023,0.023730570127933705
440024,0.0010337064329346277
440025,0.0006996023036523431
440026,0.005203307387537035
440027,0.6098678691498395
440028,0.8186209105965857
440029,0.6260333891940739
440030,0.020387513989109703
440031,0.38317206295631184
440032,0.15896441897590116
440033,0.023119916751603364
440034,0.6622879734460831
440035,0.018459443186957962
440036,0.8285718183698106
440037,0.003829835837562187
440038,0.0216481205327051
440039,0.41275529240233566
440040,0.21968100281548633
440041,0.12049350408781113
440042,0.022901824799472684
440043,0.014537788311907714
440044,0.7017588753804658
440045,0.12986320586925934
440046,0.04399704500442189
440047,0.6393853304705601
440048,0.09778680524634369
440049,0.11144600253550623
440050,0.6935439130074846
440051,0.042749300160355594
440052,0.5874758112338396
440053,0.013267340652970538
440054,0.005306542324352845
440055,0.04886600024477419
440056,0.7039272225334334
440057,0.015429873399058137
440058,0.016367300824534938
440059,0.013262709308934332
440060,0.03983065361739025
440061,0.06323781317757722
440062,0.015456931040497257
440063,0.15478862889513018
440064,0.3496574244823611
440065,0.09281392419543122
440066,0.057376911700430716
440067,0.047611126065440046
440068,0.016199052571567788
440069,0.4409033734125211
440070,0.02774244289244027
440071,0.1035759558708358
440072,0.012832924454388548
440073,0.005762334764267899
440074,0.04484583952500254
440075,0.013416307790889488
440076,0.02487360663341328
440077,0.04464920722591646
440078,0.04051758451186586
440079,0.909076477341977
440080,0.01706586010792039
440081,0.06244526935752149
440082,0.4061585717549941
440083,0.6340373003290988
440084,0.0013576356518428716
440085,0.42297608071372056
440086,0.014288195526776942
440087,0.03424868341128786
440088,0.00735851199834244
440089,0.30073876132771205
440090,0.01616528600137194
440091,0.10224826510759587
440092,0.011271423340492234
440093,0.004815187382284522
440094,0.06489472578297341
440095,0.04734218236356721
440096,0.5328627838279475
440097,0.015609586602806685
440098,0.057968059565028464
440099,0.10883867878113065
440100,0.8551146353702195
440101,0.7956517563712342
440102,0.014284950134255838
440103,0.06830345055096096
440104,0.5575830758194456
440105,0.8261265672590538
440106,0.04616918707892318
440107,0.04694912612715917
440108,0.028999151434359275
440109,0.004321595197053676
440110,0.06718495037662346
440111,0.006023529256249551
440112,0.29442236102603975
440113,0.008965608969955526
440114,0.010015376935912626
440115,0.004492754034741416
440116,0.11811321894778934
440117,0.025248539556712996
440118,0.7157338250091775
440119,0.05987385854522481
440120,0.572810824274644
440121,0.0007332514066396788
440122,0.004610075157227315
440123,0.5589391658859886
440124,0.44290651877394854
440125,0.1958548366187278
440126,0.23343094863910163
440127,0.04879744594929653
440128,0.025701225189395837
440129,0.017921642211754647
440130,0.06684649558937493
440131,0.006137511408693766
440132,0.06590178111369514
440133,0.6659108885979639
440134,0.6140145794261992
440135,0.01352669866028547
440136,0.014870076269175381
440137,0.002751583278889993
440138,0.3461567507087554
440139,0.5146443097297123
440140,0.023426018999785983
440141,0.47545196368157555
440142,0.7106399218109238
440143,0.046398919755665034
440144,0.859838942393624
440145,0.02316633912971285
440146,0.004410250021721249
440147,0.005786703498991866
440148,0.009941619824400503
440149,0.010118584863793125
440150,0.5935322663686561
440151,0.7552242669867795
440152,0.031199398754307144
440153,0.01660629394839027
440154,0.3622048693492775
440155,0.0725627950490455
440156,0.011742329177188256
440157,0.05962497020139639
440158,0.007375511892884593
440159,0.02804694608450231
440160,0.07259750487245373
440161,0.03268960395193458
440162,0.8297330476557504
440163,0.06819149476050898
440164,0.172666320158648
440165,0.05670322163470939
440166,0.013287202733684587
440167,0.05435054108150372
440168,0.8121545860409378
440169,0.012514644013013727
440170,0.7595256639594613
440171,0.7279016733813668
440172,0.6687485068652799
440173,0.23941536585417517
440174,0.015155774452461527
440175,0.5490733680512979
440176,0.5534663432578457
440177,0.5358759749783053
440178,0.08801773476357204
440179,0.5523156699872503
440180,0.0027346237252064884
440181,0.012437100454596905
440182,0.04556714146304994
440183,0.74396355086268
440184,0.026863121130694567
440185,0.033513214658126456
440186,0.06279230495866021
440187,0.6015563711007568
440188,0.07696197112420698
440189,0.5948136552845297
440190,0.07020812484327425
440191,0.011963226798737629
440192,0.0030571794137989943
440193,0.1278132753518494
440194,0.02755047288904984
440195,0.03680227365898384
440196,0.006817728258618133
440197,0.03939052634937922
440198,0.004017430980157649
440199,0.05816948128275509
440200,0.4581331597383863
440201,0.0164948232474783
440202,0.870618944149778
440203,0.052958263993806744
440204,0.02993667695901474
440205,0.044195734726724806
440206,0.6095726356875543
440207,0.11226429439420188
440208,0.0419884481819498
440209,0.048133235876870156
440210,0.012547091233741424
440211,0.009599930150512515
440212,0.6956427951384004
440213,0.01050174686169204
440214,0.002428791633730767
440215,0.000965597135394371
440216,0.019149766357050048
440217,0.037016869209608276
440218,0.02346512792145762
440219,0.01876468196599896
440220,0.6539742710057769
440221,0.04560579341813731
440222,0.7474693590990364
440223,0.012312696812924122
440224,0.0447504110084381
440225,0.0032476631598282266
440226,0.02726082501639561
440227,0.07742512179726471
440228,0.03648395816693051
440229,0.0019982212494711353
440230,0.037452952768221366
440231,0.5664045893433146
440232,0.6037385271801364
440233,0.020458934570501203
440234,0.01904986244135426
440235,0.026253381483748145
440236,0.02002523450557883
440237,0.14951103234769544
440238,0.10784252678503786
440239,0.055821086103255986
440240,0.11638379434695238
440241,0.024431004815740984
440242,0.06994311222014045
440243,0.0025526680197489717
440244,0.00861089788909682
440245,0.14309373056947342
440246,0.021296545055717188
440247,0.07579530806968751
440248,0.7088525464496601
440249,0.0006298059431277416
440250,0.0353362402934696
440251,0.336591207721745
440252,0.806001416952583
440253,0.025153540970512575
440254,0.0363912479664894
440255,0.7738094825133821
440256,0.04943617695459688
440257,0.13033078310421944
440258,0.014588773467747158
440259,0.005732863015136167
440260,0.11984448755450083
440261,0.0064716258775615
440262,0.07813507469275745
440263,0.016169682628824893
440264,0.056508944021734696
440265,0.017212195886186086
440266,0.0488586285422867
440267,0.6692068205130296
440268,0.1294152965979239
440269,0.015307200646829304
440270,0.10477027969721356
440271,0.013506141249210058
440272,0.023890498829360094
440273,0.6548953113062989
440274,0.10917868732730768
440275,0.04166564663959456
440276,0.10201905452521184
440277,0.01731981586324993
440278,0.17604251034621043
440279,0.042230815876357054
440280,0.05914064597081613
440281,0.1384840101409309
440282,0.04429784364872796
440283,0.03859798013752565
440284,0.03998966351094215
440285,0.00973868448518218
440286,0.05831216124873686
440287,0.0874485429745664
440288,0.023741269228091846
440289,0.06259799846507832
440290,0.023632763343463304
440291,0.044081720448362206
440292,0.011539561236334723
440293,0.8543353824492949
440294,0.025117005453031416
440295,0.08578146096493161
440296,0.5275121643703923
440297,0.06591541200554975
440298,0.5972153539203879
440299,0.007808898729010606
440300,0.0381748631149146
440301,0.07913806810597396
440302,0.07636591598054482
440303,0.03674841888051722
440304,0.20167026875717897
440305,0.4894783475387182
440306,0.628277008739984
440307,0.013370900389649136
440308,0.16206775771084303
440309,0.05734354252189312
440310,0.4704948036342809
440311,0.12980361337099272
440312,0.10784072677766474
440313,0.9379015775657712
440314,0.09343477538975863
440315,0.018140081064296938
440316,0.003035741681884704
440317,0.2708922397740523
440318,0.6900113058221383
440319,0.015351397261220149
440320,0.013509104203489374
440321,0.0018611993591880047
440322,0.018115346152644637
440323,0.022708005815381606
440324,0.04375770108450701
440325,0.0035826694572100785
440326,0.1400451931962492
440327,0.08555847326463788
440328,0.020022688788686266
440329,0.01672268763655493
440330,0.17672820896864727
440331,0.6647541322358215
440332,0.7136250621813802
440333,0.013909039007359176
440334,0.10629289157873985
440335,0.016226111284462358
440336,0.031130662420146
440337,0.02879602422551613
440338,0.29583239123416516
440339,0.7564993266513835
440340,0.023947666982847206
440341,0.04852558104917343
440342,0.6551828271707606
440343,0.14308731089272933
440344,0.11184735758670858
440345,0.025494679827977373
440346,0.018807197720100484
440347,0.0701770226712576
440348,0.02324100789874885
440349,0.10973157529838025
440350,0.22800351519805753
440351,0.04139500739387744
440352,0.07137254413900151
440353,0.5171902687447143
440354,0.025737269367538947
440355,0.024688808244564465
440356,0.024762924624265548
440357,0.0009986111029574988
440358,0.6446492877257081
440359,0.00874828512199175
440360,0.027831437860203107
440361,0.12700398022598516
440362,0.009575832058233577
440363,0.41728395126258244
440364,0.5910647784979991
440365,0.051196531596166196
440366,0.022890835063287325
440367,0.19128805195152723
440368,0.07235304503156456
440369,0.02927221277424197
440370,0.6686477227127022
440371,0.015952939528425414
440372,0.656519195675646
440373,0.05120674839939768
440374,0.650104397078038
440375,0.6019006183956865
440376,0.08136849219639568
440377,0.02971632772688866
440378,0.6832428361851897
440379,0.02137689803497755
440380,0.7143978089749375
440381,0.024912812065661313
440382,0.6628011595378298
440383,0.005003856503564123
440384,0.07336140323830488
440385,0.06358619209746916
440386,0.59956043324163
440387,0.06965831573977636
440388,0.03340200293674388
440389,0.05579945994263642
440390,0.07481162621869894
440391,0.04463997556923556
440392,0.2868837370300243
440393,0.0610344611124488
440394,0.009311834719114037
440395,0.09452479698293487
440396,0.06338460605609174
440397,0.011134600055946336
440398,0.022028836928733274
440399,0.047413494289372436
440400,0.016188956712479344
440401,0.1470999827527245
440402,0.6695717026062925
440403,0.030306704213417565
440404,0.6193522607850449
440405,0.02718588125781077
440406,0.5819495661330913
440407,0.2733669258315984
440408,0.10710477889475882
440409,0.003666512783571048
440410,0.008784187098005668
440411,0.7659136977797107
440412,0.001019141540894075
440413,0.010366122034879176
440414,0.06365281938424246
440415,0.665368429662467
440416,0.6434985027485156
440417,0.006003466000110974
440418,0.023709438123213137
440419,0.33794187152010907
440420,0.7390897794642929
440421,0.01605272816632263
440422,0.8154621308991014
440423,0.098306486385176
440424,0.013709349072123714
440425,0.5152766329062399
440426,0.00746576225219677
440427,0.12554008610348
440428,0.0028077401647183505
440429,0.006187610928135585
440430,0.592756331719706
440431,0.026297497529452048
440432,0.09921621936574197
440433,0.06120050716098887
440434,0.005968477920605896
440435,0.3628877616036547
440436,0.6839313520718966
440437,0.0350293247393533
440438,0.002626492154980664
440439,0.007776377634484566
440440,0.0034045214072906467
440441,0.10959203798528817
440442,0.6942392036942849
440443,0.0013469101058466168
440444,0.03669566678589488
440445,0.01014572578909231
440446,0.011742475980703377
440447,0.020610341443933686
440448,0.05284751434072529
440449,0.0014647220035027757
440450,0.005324646064619687
440451,0.1723216708293008
440452,0.18028862721616515
440453,0.018371543962360314
440454,0.6633187551317454
440455,0.007359727645652927
440456,0.00935980748171377
440457,0.015407082716583824
440458,0.021079963216317624
440459,0.027844992327781534
440460,0.011145380396742451
440461,0.02744119566284841
440462,0.018364590317590967
440463,0.8736721965559433
440464,0.23757600996308925
440465,0.08517372977168584
440466,0.7488869830379695
440467,0.005662171566797376
440468,0.016754447425627095
440469,0.020705610675307115
440470,0.10061781924039806
440471,0.05469217453406727
440472,0.43964690691790936
440473,0.012544227504196172
440474,0.565945566202508
440475,0.013856792825153872
440476,0.12521662813534037
440477,0.3504323918242311
440478,0.0039867112895792004
440479,0.32489912586536984
440480,0.05781794856247613
440481,0.18249153415247676
440482,0.01767302449916058
440483,0.13672996462370285
440484,0.07704600868595171
440485,0.6108620406447666
440486,0.003994592470851502
440487,0.07893787930285329
440488,0.024842060040077243
440489,0.05667526686545503
440490,0.022941700987604827
440491,0.7160715244603088
440492,0.15415859891840292
440493,0.020156525843373685
440494,0.009272348511394496
440495,0.44353025267219054
440496,0.7731791977083311
440497,0.45542373663283137
440498,0.004082962182048356
440499,0.027104373982845636
440500,0.8381752861137307
440501,0.0138901200354328
440502,0.04217113102181653
440503,0.2767849064134202
440504,0.4770401726694221
440505,0.01412335247752166
440506,0.1333816638276142
440507,0.14226465693364826
440508,0.4200669240737644
440509,0.17313173927724226
440510,0.019669470431045423
440511,0.521010124251515
440512,0.009807317380495836
440513,0.011020946936468972
440514,0.03602087673500213
440515,0.008287687296469747
440516,0.010070216643668483
440517,0.5031527010064198
440518,0.72569486228785
440519,0.025954790949112478
440520,0.06945621474821351
440521,0.05952336930321707
440522,0.015315792423739248
440523,0.34571785573074737
440524,0.07265959046641463
440525,0.011712371029614302
440526,0.011862206672378464
440527,0.024409054715363393
440528,0.7213915794554648
440529,0.48469320295853124
440530,0.07074867173798399
440531,0.07862171614516619
440532,0.9450182944232334
440533,0.10223448091111557
440534,0.027336723157289716
440535,0.22945155944623036
440536,0.03105356557996315
440537,0.029347268058319286
440538,0.04217024733208928
440539,0.04295269296817528
440540,0.03580276776128787
440541,0.08846763264316886
440542,0.04352195911261615
440543,0.07931840845023569
440544,0.1553623750819447
440545,0.02570172403976801
440546,0.6189153123746836
440547,0.008423426258286904
440548,0.0162225639811484
440549,0.08344305972312308
440550,0.032853263471036245
440551,0.2923202453161715
440552,0.008069208569040962
440553,0.04041919204524083
440554,0.0078126758185598
440555,0.047620610155131665
440556,0.02047675032719208
440557,0.007983312096434913
440558,0.008953791119183957
440559,0.41935988564202065
440560,0.3193448511814931
440561,0.018590725370335067
440562,0.022300423460064295
440563,0.04850483514787731
440564,0.04093348288844094
440565,0.011874885495012422
440566,0.0858384141099391
440567,0.007147989612603941
440568,0.007355402986800972
440569,0.02082340109860198
440570,0.023268418459210384
440571,0.04998260689634294
440572,0.5958596357016999
440573,0.7225174157056479
440574,0.05570626459638046
440575,0.0759247374695997
440576,0.10273556721543632
440577,0.03466252992495333
440578,0.5759606517231756
440579,0.02645209932038979
440580,0.8074369156883632
440581,0.29525164099443885
440582,0.02513706156280788
440583,0.012923267556084613
440584,0.004319738950223922
440585,0.008422240508735931
440586,0.012339436696886693
440587,0.510182624615873
440588,0.015325022053466947
440589,0.6571205270349622
440590,0.10572862431991346
440591,0.02395275898268808
440592,0.5376711444176271
440593,0.04524597542679144
440594,0.7026959144891819
440595,0.003179383104496565
440596,0.8058550204966423
440597,0.004945516109280676
440598,0.6243690940824287
440599,0.017510517341818892
440600,0.02233494416912719
440601,0.09586365573494024
440602,0.004390686670375948
440603,0.002073733534118761
440604,0.11547502709485447
440605,0.06240897319714781
440606,0.028049633364559
440607,0.0588668657904878
440608,0.014642438428487312
440609,0.14825614702042514
440610,0.3243839396065415
440611,0.006038409439055568
440612,0.614866561817346
440613,0.08921271412184588
440614,0.008985483280621032
440615,0.7444622840665706
440616,0.37419047156170765
440617,0.054202911213414036
440618,0.008369037500112132
440619,0.03341234767437792
440620,0.014559423302137936
440621,0.038258448010021394
440622,0.6393229113722686
440623,0.03221674371447107
440624,0.05167246649441921
440625,0.19526722789098092
440626,0.0030552646058788495
440627,0.01279284675410926
440628,0.6939741085856933
440629,0.06257592672447453
440630,0.010967370199731838
440631,0.7675748464012421
440632,0.02644038671818381
440633,0.18532142213607017
440634,0.12345621748964437
440635,0.2387956546688193
440636,0.06676194928441033
440637,0.030303103408371404
440638,0.4420462031196428
440639,0.03640191553915864
440640,0.06004819979447723
440641,0.08162584381168123
440642,0.030338468592619613
440643,0.11488841057475031
440644,0.02061795853928081
440645,0.062021132898547965
440646,0.846661717982331
440647,0.3159195081594034
440648,0.004653598668811985
440649,0.7508141230856725
440650,0.866192083606601
440651,0.499532385483258
440652,0.011631125229402397
440653,0.024887184261204558
440654,0.4816620585871061
440655,0.07517105811792536
440656,0.01725136886490701
440657,0.014281063831958284
440658,0.8122579386249622
440659,0.08772414405158127
440660,0.014276919294564235
440661,0.00731636095716611
440662,0.22195577897780105
440663,0.002972852171070231
440664,0.16275447958987743
440665,0.08015291274952231
440666,0.30437420911437346
440667,0.008299235204838685
440668,0.1279543658956984
440669,0.011749791822682385
440670,0.35117705142195293
440671,0.046937231731899176
440672,0.01452275076360066
440673,0.24287474248658913
440674,0.04606240503916657
440675,0.8327078193302754
440676,0.0758479029805001
440677,0.6526505805445901
440678,0.5951064626428535
440679,0.6563931624199505
440680,0.005036314555295982
440681,0.08788184176678375
440682,0.006951360828160398
440683,0.03281750793577646
440684,0.0436564410337082
440685,0.6498161896582062
440686,0.5493944619923888
440687,0.03826615092062698
440688,0.09166848645940262
440689,0.1279003694217597
440690,0.14434368358991273
440691,0.7266449143248089
440692,0.36812753140573234
440693,0.04374166820554546
440694,0.005688539704526554
440695,0.03854024862113718
440696,0.17286966699278666
440697,0.7162865098519111
440698,0.14733783487743524
440699,0.6605221179707801
440700,0.008585716665944562
440701,0.016403542180546914
440702,0.16207667944980167
440703,0.111667964600901
440704,0.14836350059431747
440705,0.015636073550958616
440706,0.08669933703347471
440707,0.006150793771153179
440708,0.05725015410632624
440709,0.7092445844497763
440710,0.6967707220418072
440711,0.05158718021195656
440712,0.057128159976776595
440713,0.052843216531890315
440714,0.08697435501442378
440715,0.0796775079286794
440716,0.004847314542864
440717,0.049469463468248806
440718,0.6710901415755846
440719,0.023855291285223942
440720,0.011696564213320876
440721,0.017730147726745662
440722,0.5025765484826927
440723,0.0566008785499142
440724,0.05379085458176433
440725,0.762018903263764
440726,0.003203600240100582
440727,0.048308539570703045
440728,0.3472545602878824
440729,0.05086980655210735
440730,0.3567359207946673
440731,0.6162608971123018
440732,0.04062343169693139
440733,0.06801428866889865
440734,0.07420122730069527
440735,0.6197207289080378
440736,0.017076665590569733
440737,0.01333939758167905
440738,0.025892937495306762
440739,0.8723491037446878
440740,0.022882910884797426
440741,0.39699070548186277
440742,0.016906647465554876
440743,0.04067492757262581
440744,0.9568653409968119
440745,0.01500773851647532
440746,0.004978704755904144
440747,0.7687440950453979
440748,0.42256826542775294
440749,0.07972808820599883
440750,0.01851933520085936
440751,0.012960291715939137
440752,0.03229232840673006
440753,0.2419404856324711
440754,0.0028141561172906468
440755,0.04600968709386568
440756,0.02512509453602187
440757,0.16828213435817677
440758,0.07315759100298232
440759,0.003491753231313848
440760,0.013296185336442954
440761,0.010373467109899595
440762,0.09171474084489968
440763,0.7125541697667312
440764,0.005919302320929767
440765,0.5079399979994972
440766,0.020219641778447137
440767,0.7239667451312486
440768,0.02473541481801692
440769,0.3110671395477232
440770,0.05043859235802944
440771,0.032224254499205386
440772,0.011912273551696705
440773,0.14384672291371176
440774,0.18995020016745323
440775,0.25607932458057053
440776,0.013793428498116602
440777,0.22326959596953352
440778,0.779492077255467
440779,0.8184300425474531
440780,0.026880343329446717
440781,0.016955723808205585
440782,0.7991622709938415
440783,0.04647038645260248
440784,0.7574506985302012
440785,0.013940268827623769
440786,0.00521606905180042
440787,0.5504800456936533
440788,0.010167380223686205
440789,0.0038092355038487043
440790,0.005007097636759293
440791,0.860431242999224
440792,0.03756093573530392
440793,0.022172226222850182
440794,0.026775074797659452
440795,0.000902711029935158
440796,0.17190818280779196
440797,0.6320451711872906
440798,0.006125167985384716
440799,0.06986960938754148
440800,0.059144149139227824
440801,0.6804813307773083
440802,0.6268017641417685
440803,0.13370599900733723
440804,0.724505985306845
440805,0.178525520809398
440806,0.03483970928938387
440807,0.011318862518016318
440808,0.08882421151623536
440809,0.023594487525266845
440810,0.01174400134167111
440811,0.49544215788128243
440812,0.006062271468881655
440813,0.3212316976246206
440814,0.5977759020453421
440815,0.13344746114272685
440816,0.5081546861745768
440817,0.6181445703406702
440818,0.03350240084915879
440819,0.037941026880508204
440820,0.42072816046036315
440821,0.5933239772176115
440822,0.08003486409222996
440823,0.013982808640742715
440824,0.0866214987394777
440825,0.4459040882666735
440826,0.02740949275959951
440827,0.3414721303018845
440828,0.12767008959577902
440829,0.010880462414606941
440830,0.7631943922867421
440831,0.0829296655413467
440832,0.027476412508141118
440833,0.04647109731836343
440834,0.007597425900265626
440835,0.04045502166739686
440836,0.2722291632169075
440837,0.02105515597992383
440838,0.011296826369099885
440839,0.017488476068290855
440840,0.7423695913324214
440841,0.01652182365389015
440842,0.026488443835289123
440843,0.016648939674145255
440844,0.5164530015449271
440845,0.1121358481018869
440846,0.03865609838736449
440847,0.2930916508349414
440848,0.08486323761151428
440849,0.037335877075393105
440850,0.009465824048386858
440851,0.8815691061078095
440852,0.05632290270360534
440853,0.19859931058391675
440854,0.944945529799421
440855,0.002322074318658459
440856,0.04140172327701528
440857,0.04742916941092489
440858,0.10116527690371278
440859,0.10172512202647271
440860,0.45793685162088915
440861,0.6807649262318145
440862,0.008695018300572612
440863,0.07626163871777171
440864,0.6385311297814626
440865,0.02461738947113013
440866,0.006413202309313646
440867,0.02080710236967072
440868,0.14370609540158286
440869,0.5713911455354744
440870,0.4698342118006675
440871,0.15755367693733577
440872,0.0028063071042683263
440873,0.006873789394549101
440874,0.054201812466161556
440875,0.025933035734688522
440876,0.7053941021269093
440877,0.02364109231570113
440878,0.7023292181399813
440879,0.7750940611928919
440880,0.09022799911286589
440881,0.007706951572192544
440882,0.3823881081271223
440883,0.02146559790682248
440884,0.7984589914525358
440885,0.021100239655347887
440886,0.04363915630154628
440887,0.007408475010870803
440888,0.4288005763286089
440889,0.013714935353382874
440890,0.022821438029592304
440891,0.9206001239585289
440892,0.05133966895087216
440893,0.11991771592458263
440894,0.008508334424224669
440895,0.0946578367749786
440896,0.656594311836463
440897,0.01889597738457572
440898,0.01050031829114521
440899,0.7423371664053074
440900,0.07327878207775328
440901,0.009797782432020686
440902,0.005246462042219254
440903,0.6613255766190649
440904,0.006014991990832387
440905,0.08260230194424112
440906,0.191002412234771
440907,0.6471003358726719
440908,0.026471431625755968
440909,0.028987038672574832
440910,0.05890390947006612
440911,0.15189057176495557
440912,0.728346388962456
440913,0.29309788019885896
440914,0.017007208131433103
440915,0.017160216909284973
440916,0.05247393946218882
440917,0.003786521481935679
440918,0.16903571198956935
440919,0.05444056146168482
440920,0.002873580326660164
440921,0.031128256112951974
440922,0.025239273560658172
440923,0.08148250688857167
440924,0.005884631779280169
440925,0.6579601268466214
440926,0.3477265625373319
440927,0.25177999892546243
440928,0.5887866858875827
440929,0.018615457790611415
440930,0.004345853019612014
440931,0.006891953370866498
440932,0.23737390433373148
440933,0.09056357824781117
440934,0.685036589668322
440935,0.18789186633188285
440936,0.0013338512872512252
440937,0.5182677395348483
440938,0.03176094487453763
440939,0.6417807306324375
440940,0.006790290775880796
440941,0.7604092743562858
440942,0.23722466076397178
440943,0.1614903301822118
440944,0.05405225081695877
440945,0.010996359283445263
440946,0.6491349250824147
440947,0.02159419427449611
440948,0.03694023922031089
440949,0.0073564667486134385
440950,0.46355467168516895
440951,0.04799398436467185
440952,0.4782655176074566
440953,0.010619393354784864
440954,0.009900276882334925
440955,0.056742993531395204
440956,0.06317158054271463
440957,0.05429624637294844
440958,0.023349836649588996
440959,0.03351695487629346
440960,0.571579189008775
440961,0.002912692006334859
440962,0.017079767026711153
440963,0.0509413968175657
440964,0.779966152215672
440965,0.02603720859285952
440966,0.007558459439356663
440967,0.3642888959647089
440968,0.02235386299446488
440969,0.8229349504037783
440970,0.025902173855825154
440971,0.5777033310119233
440972,0.01683730010839728
440973,0.013981142360669017
440974,0.027421313151489962
440975,0.005290056000492343
440976,0.5194946004742672
440977,0.3651738475634536
440978,0.041759659571476586
440979,0.9349583939521924
440980,0.0018424637799882508
440981,0.5895419488139358
440982,0.023042045638763716
440983,0.08827355621188576
440984,0.665838859635418
440985,0.06321671843765482
440986,0.32591489489874814
440987,0.0960404529147046
440988,0.03523608350309893
440989,0.5658627631173763
440990,0.0020370689230778745
440991,0.0406218659339423
440992,0.0039037475436664074
440993,0.049514287348715484
440994,0.048619959111633776
440995,0.003596103863099622
440996,0.022272074509590022
440997,0.0034690408935954967
440998,0.006536050699420536
440999,0.04570423847007601
441000,0.027781948318954863
441001,0.5230313555908704
441002,0.05580011159558384
441003,0.46284350318229783
441004,0.022210371950549954
441005,0.290482617619866
441006,0.025803044781499525
441007,0.946850010151893
441008,0.007400246933181667
441009,0.12592860616349238
441010,0.866329649562705
441011,0.051995375927478694
441012,0.6886176730255316
441013,0.4423132510046289
441014,0.009860427096611581
441015,0.038903858990782865
441016,0.004694212897977958
441017,0.6043041335960013
441018,0.0244891861688663
441019,0.007096915154993617
441020,0.3854568909234843
441021,0.6901889395505675
441022,0.045103567575486975
441023,0.02990552401557635
441024,0.5473085668012091
441025,0.007584603837057262
441026,0.0714440773923908
441027,0.0008515191171221148
441028,0.09831075153602525
441029,0.6269404351878108
441030,0.8038349336648724
441031,0.007691732575666653
441032,0.11582288402573764
441033,0.002072261647666386
441034,0.506148343100465
441035,0.7320425732193298
441036,0.05518964592927055
441037,0.015258908840311523
441038,0.058489244798461786
441039,0.8986256834229024
441040,0.007846637706505023
441041,0.10604622238314709
441042,0.5674697849896154
441043,0.041723904199583835
441044,0.03594072458555743
441045,0.4836512549632705
441046,0.018294704339170492
441047,0.7172784179526402
441048,0.08624058691362914
441049,0.0035488178266246517
441050,0.02639008258826174
441051,0.4832973535552899
441052,0.590016445104267
441053,0.0650055253109354
441054,0.0693721008667375
441055,0.00011739128256080565
441056,0.003950219686676695
441057,0.06155233600683923
441058,0.8575996855118351
441059,0.7679478181243206
441060,0.01511943360069657
441061,0.010713688457661203
441062,0.24105321381587275
441063,0.038231409221976514
441064,0.08880019178171426
441065,0.022694997667249923
441066,0.1016736335510933
441067,0.23523251913656087
441068,0.3063053982466503
441069,0.05644215994008239
441070,0.06602774746698314
441071,0.04636230046827111
441072,0.05508144636287182
441073,0.04358217429179972
441074,0.047985425816135525
441075,0.005169218325001031
441076,0.40893690149096384
441077,0.763479668468747
441078,0.7135860462483015
441079,0.42383174919086397
441080,0.054972723079703925
441081,0.00103180851441781
441082,0.5859982799754933
441083,0.028665188611365494
441084,0.6593222172178692
441085,0.057627591395701984
441086,0.008991492766089527
441087,0.07225325421066427
441088,0.020312349712088854
441089,0.00803685740501041
441090,0.15951252559947846
441091,0.0568001628688074
441092,0.03400175783965987
441093,0.9726250947225931
441094,0.07429503241367753
441095,0.12916269542916164
441096,0.04323416788355552
441097,0.0732589819754382
441098,0.006039023003821059
441099,0.6749894865913562
441100,0.030185606812550378
441101,0.005417649985845619
441102,0.016169227046426676
441103,0.03527917051787562
441104,0.030911050920166494
441105,0.0032250772306283435
441106,0.07156303197696456
441107,0.01597244396392766
441108,0.05421303943537981
441109,0.005020964545990069
441110,0.058119334464739554
441111,0.005558238757397443
441112,0.02036300528823601
441113,0.12795381293657657
441114,0.04492786678804678
441115,0.021171270629146866
441116,0.03615212805869177
441117,0.005628036026284274
441118,0.4835434515340118
441119,0.01848234837826588
441120,0.6648682195181266
441121,0.022321476784717836
441122,0.7514323416557016
441123,0.03420636175407827
441124,0.05014125604825247
441125,0.009234681418613073
441126,0.6366527984320374
441127,0.13216026468750544
441128,0.05038122308006441
441129,0.05193061681501268
441130,0.6027017413776085
441131,0.11640961375475685
441132,0.8767268370555473
441133,0.1227561332804428
441134,0.0024921687903503987
441135,0.6299933076359201
441136,0.7217491119689203
441137,0.0650107071515843
441138,0.0679152618842692
441139,0.0300438631568888
